order_id,user_id,order_date,status,payment_method,shipping_address,total_amount
1,65,2025-01-15 07:20:13,shipped,net_banking,"53355 Carter Terrace Suite 801, Seanbury, AZ 89964",4889.48
2,105,2025-10-24 08:50:50,delivered,upi,"4840 Robertson Pass, Tuckerport, MH 85898",3897.7
3,177,2025-01-28 04:14:30,pending,net_banking,"28801 Ellen Trail, Port Gina, MP 14122",2078.56
4,97,2025-02-02 06:02:12,delivered,upi,"120 Love Camp Apt. 102, Angelashire, GU 30338",1407.44
5,159,2025-11-03 04:54:24,delivered,cod,"6650 Nunez Place Apt. 919, Lake Melaniestad, NY 14412",3780.04
6,57,2025-03-06 23:22:09,shipped,card,"147 Foster Shore Apt. 728, East Julie, WY 72030",4165.05
7,51,2025-03-08 23:17:41,shipped,upi,"USNS Evans, FPO AP 85427",3672.52
8,194,2025-04-08 07:43:29,shipped,cod,"USS Spencer, FPO AP 19031",1032.84
9,158,2025-01-01 06:31:52,shipped,net_banking,"814 Kaitlin Stream Suite 368, East Jack, RI 33628",3023.18
10,183,2025-01-28 21:08:52,delivered,net_banking,"781 Powers Glen, East Jessicafort, MA 47311",4122.76
11,50,2025-01-03 04:56:53,delivered,upi,"49135 Hayes Ridges, Heatherberg, OK 74800",531.2
12,161,2025-04-04 23:13:17,delivered,cod,"05336 Larsen Dale Suite 777, Kimfort, OH 14765",621.32
13,107,2025-01-21 16:11:34,shipped,cod,"2834 Jessica Brook, Port Bonniefurt, WI 77838",5055.52
14,112,2025-02-05 00:58:10,pending,upi,"PSC 8488, Box 7256, APO AE 77781",3457.37
15,57,2025-08-26 04:03:56,delivered,upi,"8816 Shaw Shore, Port Tamara, RI 90175",4282.31
16,190,2025-01-17 19:40:13,delivered,upi,"2299 Jill Orchard, Billyfort, IN 08740",3092.38
17,128,2025-02-25 01:52:59,pending,upi,"385 Harrison Motorway, North Tinamouth, CT 92741",3446.25
18,59,2025-06-04 21:26:38,cancelled,card,"498 Nicholas Lane Suite 918, Nicholasbury, NC 53695",5483.07
19,48,2025-03-31 11:08:39,shipped,upi,"7908 Scott Forks Apt. 843, East Eric, PA 94519",4770.45
20,167,2025-09-27 16:28:10,delivered,net_banking,"5177 Clark Estates, Johnsonton, DC 75669",7473.89
21,1,2025-07-02 10:58:36,shipped,upi,"202 Nielsen Path, Greeneshire, SC 02941",8056.18
22,137,2025-10-21 14:11:36,pending,card,"37977 Jeffrey Loop Apt. 929, Garymouth, NH 78689",5705.24
23,20,2025-07-01 18:39:00,delivered,card,"2103 Serrano Rest Apt. 279, Port Amandaville, CO 63709",2198.19
24,25,2025-07-28 11:52:51,delivered,upi,"686 Golden Square, Perezfort, WY 50470",6499.33
25,123,2025-03-30 12:57:33,pending,net_banking,"2473 Justin Wells, Scotttown, VT 97972",1782.58
26,183,2025-09-16 23:50:50,pending,upi,"063 Ortiz Coves, South Denise, KS 34750",6374.19
27,11,2025-10-12 10:51:32,delivered,card,"463 Arnold Point Suite 258, Kingport, OK 45636",3617.9
28,107,2025-09-11 01:54:43,shipped,net_banking,"137 Craig Pass, Hartmanside, RI 91865",3823.14
29,171,2025-08-07 06:29:58,delivered,cod,"0127 Davis Greens, West Christopher, AZ 95461",3404.32
30,183,2025-04-12 16:04:27,cancelled,net_banking,"USCGC Mendez, FPO AP 38049",1230.51
31,86,2025-08-17 18:32:36,delivered,net_banking,"USS Bautista, FPO AE 84425",1359.86
32,149,2025-05-25 09:44:37,delivered,net_banking,"843 Kristen Pass, New Gavin, AZ 47652",2438.92
33,161,2025-02-15 07:55:47,delivered,net_banking,"46566 April Street, North Andreaside, PW 76907",219.72
34,147,2025-03-29 14:22:45,shipped,upi,"93769 Jose Lodge Apt. 818, Matthewville, AS 67778",660.04
35,69,2025-02-22 11:46:22,delivered,cod,"769 Carrillo Throughway Suite 779, South Darrenland, MS 83556",1576.8
36,146,2025-09-16 16:42:11,delivered,net_banking,"Unit 3565 Box 8804, DPO AE 38156",4077.08
37,156,2024-12-20 12:48:25,delivered,cod,"82755 Patricia Grove Apt. 373, Lake John, KS 27603",6001.58
38,175,2025-02-11 10:15:55,shipped,cod,"521 Samantha Springs, Austinside, AZ 63715",906.24
39,36,2025-04-07 13:41:55,shipped,cod,"472 Sanders Terrace Apt. 086, Ayerston, NY 46020",6543.76
40,185,2025-04-16 07:36:14,shipped,card,"1875 Alexander Fords, Carpentermouth, MN 80819",4692.96
41,31,2025-10-15 02:50:46,pending,upi,"47955 Victor Fords Suite 556, Shannonshire, DC 75984",7386.86
42,186,2025-08-07 19:59:27,shipped,upi,"438 Chase Flat, Port Susan, FL 62496",3721.41
43,31,2025-09-23 07:16:11,delivered,card,"2885 Evans Points Apt. 612, East Lisafort, MP 83058",843.29
44,145,2024-12-21 19:29:42,shipped,cod,"5588 Cooper Loop Apt. 593, Port Justin, MD 88737",2132.02
45,83,2025-05-31 15:35:03,shipped,net_banking,"69472 Danielle Junction Suite 996, North Fernandobury, MD 42034",3712.56
46,183,2025-07-26 00:25:10,pending,net_banking,"647 Adkins Pike Suite 622, East Jessicaview, WA 92342",1205.21
47,135,2025-09-01 13:58:38,shipped,card,"1117 Anthony Locks, North Joseberg, CO 86331",2150.45
48,11,2025-11-11 04:56:26,delivered,net_banking,"34722 Anthony Shore Suite 577, Amyberg, UT 71186",977.8
49,119,2025-01-22 03:59:50,shipped,cod,"968 Stout Orchard Apt. 174, Robertberg, ME 01884",3038.16
50,89,2024-11-14 10:45:25,shipped,net_banking,"4780 Arroyo Neck, Albertchester, AS 38894",6951.19
51,58,2025-07-04 06:22:28,delivered,net_banking,"536 Foster Estates, Claytonbury, KS 10883",1356.93
52,13,2025-04-27 09:27:09,shipped,upi,"8463 Ian Highway Apt. 797, Jackiefort, ID 42528",235.14
53,176,2024-11-21 22:40:28,shipped,cod,"14427 Jesse Drive, South Jeffchester, ME 65826",2221.02
54,135,2025-04-07 15:34:05,shipped,card,"1204 Jones Mountains, East Paula, KS 50515",585.55
55,83,2025-10-02 01:45:54,shipped,net_banking,"7303 Moss Court, South Paul, ME 42845",251.1
56,55,2025-01-15 00:15:43,delivered,net_banking,"881 Olson Hills, West Paige, VI 87886",1968.75
57,49,2025-02-06 23:49:47,delivered,card,"Unit 3650 Box 2491, DPO AA 32363",2403.35
58,12,2024-11-17 21:07:43,delivered,card,"Unit 9792 Box 5132, DPO AA 12481",9136.3
59,78,2025-08-07 19:21:49,pending,net_banking,"52812 Hall Point, Lindamouth, VA 25793",1117.23
60,2,2024-11-22 16:55:09,pending,net_banking,"240 Mann Points Suite 873, New Michael, VA 61894",839.63
61,77,2025-03-01 08:06:22,pending,cod,"82744 Gibson Trail, Grosstown, RI 48221",4237.9
62,152,2025-09-11 18:53:42,shipped,upi,"186 Alexandria Parks Apt. 945, Davidsonville, CT 69077",224.31
63,52,2025-07-28 07:12:21,shipped,cod,"03173 Anthony Row, Barretthaven, RI 92423",1602.1
64,143,2025-07-01 15:53:58,delivered,net_banking,"91037 Taylor Route Apt. 586, Lauraton, GU 81363",5473.4
65,139,2025-02-25 15:28:39,shipped,net_banking,"1381 Jessica Place, Lopezhaven, TN 33106",628.6
66,116,2025-06-23 18:56:21,shipped,card,"861 Craig Squares, Andradeburgh, WY 24145",4255.97
67,141,2025-06-15 23:56:45,shipped,card,"289 Mahoney Island Suite 566, Charleneshire, ND 28540",2192.84
68,53,2025-04-09 01:44:15,cancelled,cod,"7760 Tonya Ranch Apt. 824, West Traceyborough, PR 41776",2922.6
69,52,2024-11-22 20:10:04,shipped,card,"889 Clinton Mount Suite 224, Pamelabury, IN 34087",1257.2
70,41,2025-09-25 09:39:22,delivered,card,"315 Thompson Views Apt. 940, Millerton, PW 44330",4699.98
71,57,2025-03-29 12:50:27,delivered,upi,"1390 Brown Pine Apt. 589, West Wayne, IN 20580",1692.03
72,186,2024-12-04 00:46:30,pending,card,"9981 Ryan Turnpike Suite 225, South Ashleyton, OH 52823",191.28
73,14,2025-02-24 09:06:50,delivered,upi,"227 Tony Run Apt. 898, East Charles, WI 56870",531.2
74,45,2025-03-20 00:18:40,pending,card,"66553 Cooper Shoal, Port Kevinstad, RI 58462",4618.14
75,145,2025-07-14 10:22:30,shipped,upi,"35211 John River, Port Marissa, LA 02301",470.28
76,79,2025-03-27 17:25:02,shipped,cod,"7705 Jody Forest, New Alexandra, KS 72433",57.38
77,152,2025-05-21 00:01:41,delivered,upi,"069 Jonathan Circle, Jamesview, AR 61444",4610.86
78,149,2025-07-26 16:40:55,delivered,card,"USS Price, FPO AA 87399",3072.16
79,52,2025-10-11 07:53:06,delivered,upi,"PSC 5104, Box 6368, APO AP 13556",2123.55
80,97,2025-10-31 10:35:40,cancelled,card,"38780 John Pines, Matthewfurt, WA 21079",4910.89
81,127,2024-11-21 13:08:16,shipped,cod,"4384 Connie Wells Suite 084, East Matthew, MO 86606",2251.5
82,89,2025-01-06 17:15:31,shipped,net_banking,"936 Ashley Meadow Suite 957, East Denise, OR 71457",9486.34
83,32,2025-08-07 01:41:30,shipped,upi,"8262 Lonnie Point, East Lonnieberg, VA 04365",1470.18
84,73,2025-09-07 16:16:04,pending,upi,"4742 Daniel Ferry Apt. 994, New Jesse, TX 03919",6023.51
85,59,2025-04-02 22:27:17,pending,cod,"89752 Henry Dam Apt. 330, Durantown, KY 54639",2029.7
86,4,2025-02-08 20:15:07,delivered,card,"12797 Delacruz Gateway, Sullivanton, PA 96882",989.0
87,83,2025-09-30 13:11:42,delivered,card,"9998 Abigail Mission Suite 038, Terrellton, OH 51278",5110.13
88,41,2025-06-02 20:32:44,shipped,net_banking,"47644 Jackson Hill, Lake Zacharyberg, NH 85186",3718.57
89,117,2025-05-08 20:01:39,delivered,card,"98266 Hayes Fall, Garzaborough, FM 60097",5524.1
90,118,2024-12-19 10:25:54,shipped,cod,"111 Walters Corner, Acostahaven, RI 21459",566.24
91,182,2025-04-10 11:26:13,pending,net_banking,"59222 Kayla Center, Parkermouth, LA 82611",2050.73
92,9,2025-01-23 14:06:19,delivered,card,"09407 Foley Plains, New Nicolebury, IL 77684",4067.04
93,104,2025-07-28 12:36:29,shipped,cod,"1990 Nicole Harbors Apt. 022, Lake Michaelberg, PR 04751",1750.04
94,64,2025-07-31 10:45:17,delivered,net_banking,"1016 Evan Haven Apt. 795, North Kaylamouth, MN 50169",128.7
95,137,2025-09-28 23:19:04,delivered,net_banking,"147 David Wall Suite 586, Lake Jason, AR 14827",4540.53
96,32,2025-06-24 07:25:24,pending,cod,"9469 Green Ports, Sarashire, NM 68619",491.23
97,155,2025-08-24 14:23:26,delivered,net_banking,"93430 Andrew Road Apt. 396, Williamsstad, OH 84059",1078.46
98,52,2025-02-04 21:01:45,shipped,cod,"441 Evans Plaza, Katieville, TX 44185",3026.36
99,41,2025-03-26 23:37:01,shipped,upi,"35577 Debbie Orchard, Lake Steven, VI 70882",3195.19
100,93,2025-10-28 08:33:22,delivered,card,"084 Peters Brook Apt. 955, East Juantown, MA 49684",3072.35
101,122,2025-07-15 17:24:02,shipped,net_banking,"962 Michelle Terrace, Janetmouth, VT 04646",1818.68
102,47,2025-02-27 20:26:08,shipped,net_banking,"57438 Thompson Landing Apt. 317, Port Timothyhaven, FL 25432",6003.21
103,49,2025-03-26 12:00:22,shipped,net_banking,"PSC 8452, Box 1823, APO AP 05292",4863.52
104,85,2025-05-11 19:31:13,shipped,net_banking,"40915 Small Cove, Andrewport, SC 28005",5993.92
105,191,2025-03-19 00:43:05,delivered,upi,"8571 Hernandez Harbor Apt. 098, East Amyside, MD 36028",1583.76
106,69,2025-01-08 09:18:05,shipped,cod,"USNV Andrews, FPO AE 09838",2882.38
107,161,2025-03-15 08:08:44,delivered,cod,"702 Thomas Spring Apt. 160, South Philipshire, SC 90957",1615.98
108,110,2025-08-13 00:27:19,shipped,cod,"5381 Bradley Course Suite 174, Ruizbury, FL 81364",2774.15
109,16,2025-02-22 15:07:20,shipped,upi,"PSC 6255, Box 7701, APO AA 15297",2124.26
110,177,2025-03-30 21:33:44,pending,net_banking,"5992 Richard Station, West Angelaland, WY 40100",3551.85
111,125,2025-06-09 07:26:41,shipped,upi,"93827 Jones Fords Suite 695, East Elaine, CA 97411",1366.36
112,36,2025-11-10 22:10:14,delivered,net_banking,"99758 Lynn Fall Suite 619, Lake Lisafurt, MD 65289",1645.23
113,131,2025-07-22 21:37:50,shipped,card,"29022 Schmidt Loaf, Gonzalezmouth, ME 75248",1667.37
114,30,2025-09-18 21:44:37,pending,upi,"PSC 4651, Box 9098, APO AA 17219",4199.32
115,55,2025-10-11 11:49:14,shipped,upi,"008 Rodriguez Haven Apt. 369, Garrettfurt, MO 50513",3678.88
116,148,2025-05-02 10:09:41,shipped,cod,"2386 Larsen Drives, Whitneyberg, DC 02021",2256.04
117,139,2024-12-12 06:37:03,shipped,cod,"762 Derrick Valley, Daltonchester, RI 24067",2721.57
118,118,2025-05-09 21:09:31,shipped,cod,"5326 Becky Vista Apt. 846, Arthurton, OK 63843",3870.07
119,78,2025-08-15 03:52:40,shipped,net_banking,"128 Marshall Common Apt. 371, Chloemouth, ND 01914",331.07
120,124,2025-05-15 12:04:13,shipped,cod,"565 Roberts Camp Suite 940, Laneshire, AR 86526",6216.14
121,119,2025-03-07 17:14:00,shipped,upi,"7128 Melissa Harbors, Davidview, KY 34180",2561.78
122,154,2024-11-19 22:16:40,shipped,upi,"275 Jose Squares, South Henry, NC 04838",1027.97
123,144,2025-03-27 13:28:16,pending,net_banking,"Unit 2927 Box 6637, DPO AP 84069",3461.89
124,58,2025-01-18 09:05:21,shipped,cod,"41027 Alvarez Mountains Apt. 667, Dustinchester, AL 38353",824.2
125,151,2025-11-09 12:14:12,cancelled,upi,"580 Samantha Route Suite 694, Josephville, KS 86267",2318.9
126,182,2025-06-29 06:49:08,shipped,cod,"938 Byrd Falls, Amytown, MP 09407",226.78
127,69,2024-11-19 01:23:05,pending,card,"753 King Bypass, New Christopherborough, PA 84135",6397.94
128,60,2024-12-31 17:03:45,delivered,upi,"92692 Heather Glen, Stevenland, SC 59934",1443.85
129,9,2025-11-07 18:02:26,shipped,card,"Unit 6542 Box 1406, DPO AA 44102",4946.43
130,181,2024-12-07 17:41:00,shipped,upi,"71739 White Overpass Apt. 286, New Dawn, PW 58379",4604.52
131,50,2025-08-19 05:54:38,delivered,net_banking,"19470 Hernandez Route, North Elizabethview, FL 92258",6214.86
132,37,2025-03-22 12:08:34,pending,card,"PSC 9087, Box 7661, APO AP 30103",3034.42
133,68,2024-11-15 16:43:23,shipped,net_banking,"98554 Brown Rue Apt. 585, Port Steveport, SD 27124",216.67
134,124,2025-01-22 00:05:53,shipped,cod,"346 Crystal Knolls Suite 173, North James, VA 78219",4081.76
135,118,2025-02-15 00:44:20,pending,card,"478 Levy Brook, West Brianton, MO 15992",5041.91
136,150,2025-02-04 14:52:47,shipped,net_banking,"829 Sandy Camp Apt. 707, East Jacquelineberg, AL 23078",2476.07
137,161,2025-07-18 02:43:42,pending,card,"79291 Danny Ranch Apt. 136, Lisafurt, MD 16334",538.66
138,137,2025-08-07 02:03:44,shipped,card,"3092 Brown Harbor, Port Robert, UT 48988",3404.72
139,55,2025-06-17 08:01:49,shipped,card,"021 Strickland Brook, Millertown, HI 12184",1420.59
140,165,2025-08-15 21:12:08,pending,cod,"7232 Mills Loop Apt. 290, Lake Vincent, CO 82708",352.8
141,184,2025-10-01 09:16:54,pending,upi,"0833 Valerie Court Suite 883, Townsendborough, KY 07456",1652.48
142,196,2025-01-28 15:29:17,pending,net_banking,"772 Elizabeth Cape, Lake Michaelborough, NE 33450",5347.1
143,95,2025-03-24 05:44:53,delivered,upi,"10822 Todd Crescent Apt. 379, Robertmouth, IN 14936",1354.35
144,172,2025-03-21 01:40:08,delivered,net_banking,"636 Charles Prairie, Brownchester, FL 28834",2920.18
145,200,2025-11-09 18:25:52,shipped,net_banking,"5273 Cantrell Flats, Davidshire, AR 37280",2713.51
146,151,2025-01-06 10:10:57,shipped,net_banking,"6253 Munoz Turnpike Apt. 983, South Melodyfort, VI 28870",4720.35
147,94,2025-07-02 03:49:47,shipped,card,"0633 Hamilton Forges Apt. 906, North Vickiehaven, AZ 56298",2339.99
148,99,2025-06-08 16:18:34,delivered,card,"7318 Heather Lodge, East Michael, IA 85388",3875.86
149,80,2024-12-19 15:33:24,delivered,upi,"79907 Ingram Well Suite 257, Port Courtneyfurt, MH 91039",5705.0
150,87,2025-03-23 16:48:23,delivered,cod,"4989 Kristin Common Suite 085, North Patrickmouth, RI 05858",5200.35
151,22,2025-04-05 09:15:59,delivered,upi,"325 Amber Run, Mclaughlinshire, VI 92624",344.18
152,136,2025-02-03 21:19:04,shipped,card,"5486 Brown Landing, Shaunhaven, NC 16584",4321.93
153,6,2025-05-16 00:08:27,pending,net_banking,"9513 Miller Lock Apt. 411, West Daniel, FL 65555",1791.45
154,189,2025-01-11 20:38:24,shipped,net_banking,"6827 Fisher Street, West Jaimetown, VI 30952",2654.88
155,119,2025-10-04 16:10:16,shipped,upi,"USNV Jenkins, FPO AA 86452",2342.08
156,58,2025-07-23 07:31:48,shipped,cod,"887 Torres Curve Suite 243, Watsonport, WI 06703",4077.89
157,28,2025-01-11 00:30:35,delivered,net_banking,"92842 Mary Square Apt. 231, West Autumnmouth, KS 48954",1480.68
158,129,2025-01-25 01:31:45,pending,upi,"552 West Estates, Davidtown, MO 65960",4057.96
159,36,2025-09-08 21:00:17,delivered,upi,"2088 Holland Hill Suite 492, Morganville, VA 63282",1280.5
160,97,2025-10-30 00:07:50,shipped,upi,"0693 Howard Islands, New Danielleshire, NC 29617",1335.66
161,152,2025-09-13 19:59:06,delivered,cod,"USNV Gonzalez, FPO AE 71071",2038.24
162,101,2025-10-10 07:21:25,delivered,card,"637 Morrison Pass, Lake Michaelberg, VT 56552",3348.25
163,45,2025-04-06 23:05:50,pending,cod,"5547 Jason Mills, Laraport, GA 95921",4047.76
164,45,2025-10-29 01:17:12,shipped,cod,"99123 Wells Ways Suite 196, North Robertview, MT 23424",64.72
165,34,2025-06-18 06:27:24,shipped,net_banking,"26487 Mackenzie Hollow, Troymouth, IN 04018",967.24
166,189,2025-09-17 16:35:49,delivered,net_banking,"7146 Travis Spurs Apt. 014, Gambleland, PA 98223",2781.21
167,102,2025-04-03 21:44:21,delivered,net_banking,"7158 Megan Estates Apt. 257, West Frank, KY 47839",3863.24
168,47,2025-04-26 08:03:01,shipped,card,"44818 Katie Falls Apt. 928, Moniqueport, KY 90343",1356.93
169,80,2025-08-12 11:25:30,delivered,cod,"952 Derrick Haven, Kimberlychester, MA 21869",3755.65
170,81,2024-12-24 04:30:00,delivered,card,"89888 Robert Club, Port Davidtown, NJ 46141",2265.32
171,119,2025-03-15 09:58:17,pending,card,"9852 Johnson Via, East Davidberg, UT 30198",2564.17
172,86,2025-03-13 19:20:09,cancelled,cod,"61107 Williams Coves, Port Donnashire, AR 61984",1709.5
173,129,2024-12-30 14:19:54,shipped,upi,"PSC 0140, Box 1193, APO AP 26718",4095.77
174,189,2025-01-25 04:11:16,shipped,net_banking,"24955 Melissa Tunnel, New Ashley, CT 76278",928.17
175,130,2025-09-06 19:50:47,delivered,upi,"342 Teresa Courts, New Melissa, NJ 48534",8454.13
176,170,2025-08-12 12:58:00,cancelled,net_banking,"125 Coleman Passage Apt. 615, South Danielberg, NM 47850",461.02
177,130,2025-08-15 02:27:52,delivered,net_banking,"57164 Burke Inlet, Perezchester, LA 56594",2348.21
178,130,2025-01-26 17:29:59,cancelled,net_banking,"520 Powers Locks Suite 811, South Richard, OR 13833",662.14
179,191,2025-08-29 08:32:41,shipped,cod,"PSC 2153, Box 5396, APO AE 31023",753.3
180,31,2025-10-05 21:38:22,shipped,card,"9946 Alvarez Rapids Suite 784, Port Shawn, DE 33359",4810.07
181,78,2025-05-23 10:53:19,delivered,cod,"10170 Patrick Springs, Ericville, WV 10530",2945.93
182,88,2025-07-29 03:36:51,shipped,net_banking,"3477 Daniels Valleys Apt. 061, Colefurt, NV 60749",3450.66
183,9,2024-11-28 09:15:53,shipped,net_banking,"276 Larry Loaf Suite 197, Alvarezburgh, NY 07806",4116.93
184,32,2025-04-15 09:52:02,delivered,card,"545 Anthony Cape Apt. 559, Port Patriciamouth, MS 13260",3208.53
185,166,2025-04-29 16:31:36,shipped,cod,"5033 Deborah Ramp Apt. 141, Geoffreyside, MD 05400",3834.28
186,86,2025-05-12 09:52:59,shipped,card,"864 Heather Radial Apt. 569, Morrisville, AS 64511",453.12
187,83,2024-12-23 06:29:32,cancelled,net_banking,"7852 Cox Mews, South Cynthia, WY 10373",3783.64
188,111,2025-10-06 18:48:36,delivered,card,"4049 Ballard Road, Lake Meganville, OR 44651",990.9
189,138,2025-02-28 13:50:32,delivered,net_banking,"3514 Reynolds Plains Suite 366, Colleenmouth, TN 72271",1530.39
190,161,2025-01-23 13:13:05,shipped,upi,"737 Giles Place, Michaelton, NC 26800",4793.2
191,20,2025-04-04 21:10:56,shipped,net_banking,"46651 Meghan Grove, Debbieview, TX 79305",2149.01
192,65,2025-02-14 02:47:09,delivered,card,"30347 Castro Mews, Lucaston, ID 21388",2362.67
193,160,2025-02-28 07:45:22,shipped,upi,"8207 Brian Corner Suite 941, Mosleyland, MO 95427",286.92
194,77,2025-10-07 16:53:53,delivered,net_banking,"818 Crawford Course, New David, AS 41580",2294.44
195,96,2025-03-22 07:03:48,delivered,net_banking,"363 Daniel Forest Suite 764, South Amandaville, MD 72032",814.5
196,44,2025-04-27 23:49:28,pending,upi,"2575 Smith Rest, Port Joditon, UT 88528",1736.08
197,188,2025-02-15 11:50:13,delivered,cod,"5183 Price Lock Suite 413, Jasonburgh, PW 58021",1658.61
198,42,2025-07-17 14:31:48,shipped,net_banking,"41776 Love Wells Apt. 248, West Robertside, WA 43331",2705.71
199,156,2025-05-09 10:36:07,pending,card,"272 Richard Road, Leeland, DE 21187",1703.66
200,185,2025-02-19 08:22:12,shipped,card,"657 Russo Dale, Glennshire, GU 43437",2067.52
201,161,2025-09-20 22:02:37,delivered,upi,"5266 Andrew Brooks, North Terri, ID 34813",1608.1
202,94,2025-08-13 18:07:26,shipped,cod,"9694 Christopher Land, New David, VT 69423",1376.72
203,178,2025-05-02 09:52:11,shipped,cod,"713 James Wall Suite 476, South Melissa, PA 28755",453.56
204,106,2025-09-30 10:57:41,shipped,net_banking,"2620 Cherry Freeway, Solomonstad, OR 90189",3455.21
205,161,2025-07-23 18:34:08,cancelled,upi,"2563 Erickson Street, Charlesside, AR 07331",1952.42
206,64,2025-03-23 16:24:00,shipped,upi,"USCGC Odonnell, FPO AP 88422",1984.42
207,23,2025-09-21 23:23:39,shipped,upi,"48964 Lambert Curve, New Harryburgh, NY 65098",7881.58
208,57,2025-11-10 17:10:19,delivered,cod,"15862 Wilson Cape Apt. 745, Campbellview, RI 35072",3285.93
209,62,2025-06-03 04:25:51,delivered,net_banking,"7287 Jacob Center, East Barry, KS 21938",2923.49
210,89,2025-08-15 13:56:49,shipped,cod,"0758 Ellis Creek, North Michael, IL 37740",324.08
211,25,2025-01-23 13:43:21,delivered,cod,"939 Alicia Ports Apt. 613, Rhodesmouth, AK 37762",4015.03
212,189,2025-08-06 00:11:15,delivered,net_banking,"Unit 1659 Box 1520, DPO AE 60824",1842.8
213,128,2025-10-03 00:34:27,delivered,net_banking,"4905 Diana Mission Suite 923, Port Dawnmouth, AS 07780",5881.45
214,24,2025-08-30 06:36:53,shipped,cod,"64236 Andrew Fords Apt. 664, North Kenneth, AS 57171",2327.24
215,53,2025-08-27 04:52:53,shipped,net_banking,"925 Marilyn Passage Apt. 776, Adamschester, CO 99655",1192.28
216,151,2025-04-27 12:13:14,shipped,cod,"6108 Mcpherson Springs, Lake Gina, FL 65423",6407.23
217,135,2025-06-07 04:29:24,delivered,upi,"7617 Hernandez Crossroad, Mckenziehaven, NE 39230",6764.2
218,145,2025-06-23 05:01:59,shipped,upi,"81866 Steven Stravenue, Michaelshire, CO 66488",45.36
219,23,2024-11-20 17:31:53,delivered,net_banking,"26016 Edwards Stream Suite 794, Tammyburgh, IL 24760",6547.26
220,125,2024-12-14 18:57:52,pending,net_banking,"168 Adam Crescent Apt. 277, Meltonfort, ME 81568",48.54
221,179,2025-09-26 04:50:25,delivered,net_banking,"Unit 5641 Box 2203, DPO AE 02583",2220.17
222,113,2025-08-11 17:23:20,shipped,upi,"Unit 0372 Box 3683, DPO AE 39942",4564.11
223,113,2025-09-09 08:13:02,shipped,card,"0122 Maynard Mountains Apt. 793, West Ashley, MP 51846",775.51
224,113,2024-12-04 04:31:31,pending,cod,"667 Johnson Locks, Palmerfort, IN 94124",3060.73
225,142,2024-12-07 23:42:18,delivered,net_banking,"581 Orozco Mall Suite 179, Shanechester, AK 21647",57.38
226,135,2025-03-06 06:21:05,pending,net_banking,"7383 Dorsey Walk Suite 246, Whitakerstad, WY 62409",1879.0
227,142,2025-09-21 00:09:13,pending,upi,"Unit 2934 Box 1722, DPO AE 20989",2352.12
228,3,2025-07-07 15:53:10,shipped,upi,"4338 Yvette Knolls Suite 522, Port Brycechester, DE 81446",1314.99
229,92,2025-02-10 10:48:09,pending,cod,"4550 Kemp Walk, Lake Brentmouth, AS 60418",550.88
230,45,2025-10-07 06:08:55,shipped,net_banking,"918 William Expressway, Port Jamiestad, GA 95967",2842.38
231,169,2025-03-07 20:40:47,delivered,cod,"125 Fuentes Crossing Apt. 760, Port Lisa, MA 38086",4915.27
232,10,2025-05-29 13:02:57,delivered,net_banking,"6532 Cobb Dam Suite 667, Sherrymouth, FL 01804",1182.56
233,65,2025-08-20 02:39:10,cancelled,net_banking,"55626 Phillip Camp, New Brian, SC 94003",349.53
234,38,2025-09-20 17:46:32,delivered,card,"6845 Smith Harbors Apt. 673, Terryfurt, WI 26360",1333.1
235,22,2025-10-22 13:10:32,delivered,upi,"562 Lewis Pass, Adrienneburgh, AK 04156",1638.92
236,23,2025-10-26 04:16:26,delivered,cod,"46810 Green Parkways Suite 101, Evanstown, NH 44931",2685.35
237,140,2025-02-14 02:28:58,cancelled,card,"4492 Stone Gateway, West Zacharyborough, GU 47853",1479.55
238,78,2025-05-09 20:22:07,shipped,card,"1106 Thomas Mission Apt. 586, Wigginsshire, NM 83923",3244.09
239,41,2025-04-27 20:28:38,delivered,card,"Unit 7622 Box 8277, DPO AE 92844",385.43
240,62,2025-06-01 17:07:54,shipped,cod,"377 Julie Points, Sandraville, PA 54059",9846.52
241,71,2024-12-27 06:18:14,delivered,card,"82154 Turner Oval Apt. 229, Williamsport, FM 37657",452.31
242,41,2025-02-06 03:15:40,shipped,card,"18510 Olson Inlet Suite 567, Port Dillon, SC 60916",3215.58
243,153,2025-09-06 05:15:25,shipped,cod,"51996 Hall Locks Suite 807, Debbieburgh, VT 03752",3305.54
244,148,2025-06-24 13:16:27,shipped,upi,"181 Stephanie Plains Apt. 983, Shawtown, DE 86779",1565.43
245,32,2025-11-12 23:44:35,shipped,upi,"3397 Lindsay Rest, Richardton, NM 03550",1629.0
246,159,2025-03-26 10:31:16,pending,card,"85641 Tina Plains Apt. 422, Kaylaberg, ME 53883",7017.22
247,181,2025-08-04 22:59:12,delivered,net_banking,"00461 Thomas Islands Suite 610, East Karen, OR 31498",667.76
248,75,2025-05-24 20:47:52,delivered,upi,"40578 Jones Burgs Suite 304, East Kathrynberg, ME 74982",3409.21
249,45,2025-04-21 09:02:35,shipped,upi,"58238 Ali Point, Williamsmouth, MP 81861",2761.16
250,114,2025-03-06 17:53:48,shipped,cod,"07494 Kidd Ville, New Mary, LA 06462",1356.93
251,18,2025-01-16 02:24:19,shipped,card,"1612 Johns Fords, Nicolemouth, SC 34758",2100.48
252,2,2025-09-02 17:30:46,delivered,net_banking,"55379 Smith Square Apt. 097, North Emilychester, OH 91791",2269.77
253,83,2025-08-14 13:07:28,delivered,upi,"118 Patricia Via Suite 156, Paultown, DE 61147",1056.25
254,3,2025-04-07 07:01:34,pending,cod,"USCGC Smith, FPO AP 03093",2509.21
255,179,2025-09-04 22:53:32,cancelled,cod,"19433 Coffey Camp Suite 793, East Traceyfurt, DE 36853",2738.65
256,178,2025-06-23 10:18:49,delivered,net_banking,"399 Cameron Crossroad, East Jordanshire, PR 30380",1192.86
257,24,2025-10-22 13:26:25,delivered,net_banking,"08948 Smith Meadow Apt. 566, Davidhaven, NH 65456",571.31
258,43,2025-04-03 19:03:29,delivered,upi,"304 Patel Island, South Jamesland, FM 75450",3799.74
259,65,2025-09-24 01:57:12,cancelled,net_banking,"613 Frank Inlet, Lake Colleentown, NJ 57117",48.54
260,75,2025-09-24 05:33:10,pending,net_banking,"3173 Wall View Suite 831, Duranmouth, OR 16862",3383.59
261,98,2024-12-17 15:08:15,shipped,cod,"Unit 0651 Box 2070, DPO AA 80551",553.12
262,31,2025-07-15 14:21:56,cancelled,cod,"080 Horn Locks, New Karenbury, VI 79088",2142.64
263,59,2025-09-16 05:41:36,pending,net_banking,"6769 Matthew Spring, South Zacharyshire, ID 14657",3723.41
264,155,2024-12-24 07:02:00,shipped,card,"392 Kelly Orchard, Lopezberg, AS 06277",1663.84
265,176,2024-12-07 21:42:54,delivered,net_banking,"549 Dylan Inlet Suite 450, North John, GU 73829",4750.92
266,177,2025-10-13 21:34:51,delivered,cod,"33153 Neal Mountain Suite 995, Robertburgh, CT 60047",5772.26
267,103,2025-10-20 15:47:28,delivered,upi,"3033 Hanson Garden, Navarromouth, AS 97504",2515.78
268,31,2025-04-09 09:38:54,delivered,cod,"50150 Douglas Mill, Lake Brenda, WV 47675",6617.07
269,167,2024-12-01 11:07:08,shipped,upi,"Unit 3342 Box 3425, DPO AP 32740",1156.7
270,5,2025-01-22 18:01:23,delivered,upi,"1026 Matthew Fords, Stephenstad, AS 49305",2106.54
271,104,2025-07-29 02:00:43,delivered,card,"112 Laura Fields Suite 559, Rowlandbury, PW 06555",3258.62
272,118,2025-09-06 18:20:22,shipped,net_banking,"425 Brian Underpass, Moniquehaven, OR 64593",2362.95
273,102,2025-02-03 16:07:54,pending,cod,"912 Potter Rue Suite 787, West Jennifer, NC 91531",3323.34
274,13,2025-05-21 02:33:05,delivered,card,"4969 Jamie Flats Suite 363, Ronaldfurt, OK 21106",4247.08
275,183,2025-11-12 17:22:41,delivered,cod,"121 Wallace Knoll Apt. 907, Ronaldmouth, NE 54103",2034.46
276,159,2025-04-06 03:21:21,delivered,upi,"6027 Joseph Club Suite 148, Port Joshuabury, CT 16044",3102.04
277,72,2024-12-12 02:54:51,shipped,cod,"3544 Lee Rapids, Port Karen, WA 71689",593.6
278,26,2025-11-03 17:55:04,shipped,cod,"5669 Thomas Passage Apt. 633, South Jesus, OR 72933",4876.64
279,100,2025-09-04 15:26:19,delivered,cod,"1536 Clark Mission Apt. 529, West Sherry, AL 66010",4669.38
280,150,2025-09-25 03:23:05,delivered,net_banking,"3666 Nguyen Brooks Apt. 225, Bairdborough, MO 08851",6336.52
281,77,2025-06-09 23:42:34,cancelled,cod,"59741 Damon Plaza Apt. 097, East Jamesfurt, LA 27487",5813.92
282,48,2025-02-12 21:58:52,delivered,cod,"0580 Mark Loop, Mooreville, DC 70814",2808.43
283,153,2025-04-25 21:47:24,delivered,net_banking,"3234 Meyers Shores, Mooreshire, ME 77504",2590.32
284,7,2025-02-01 05:44:25,cancelled,upi,"3027 Makayla Rapids Apt. 859, Stevensshire, AZ 97139",1163.35
285,12,2024-12-19 19:02:05,delivered,upi,"4692 Wright River Suite 762, South Hollyton, IA 21201",1738.34
286,58,2025-02-28 17:40:34,delivered,net_banking,"137 Riddle Plaza Apt. 511, Robertburgh, KS 27681",449.06
287,34,2025-05-29 22:45:36,cancelled,cod,"76563 Johnson Glen, Lake Sallymouth, TN 98631",2976.05
288,183,2025-05-13 16:58:42,pending,net_banking,"83727 Skinner Extension, New Craigport, DE 70579",2044.32
289,93,2025-08-29 08:40:42,pending,card,"042 Howard Forge, Lake Amandamouth, UT 06760",2329.86
290,109,2025-10-05 06:39:07,shipped,cod,"4709 Brandon Lane, East Nicholas, IA 26713",4521.44
291,106,2024-12-19 21:40:46,shipped,cod,"53131 Jennifer Cape, Huntmouth, MD 74170",1251.6
292,3,2025-07-15 19:58:09,pending,upi,"661 Jason Knolls, Glennfurt, SD 41951",2238.56
293,25,2024-11-19 01:34:15,shipped,cod,"14950 Nicole Loop Suite 971, West Susan, PA 43014",4233.48
294,34,2025-07-17 10:04:03,delivered,upi,"2571 Smith Prairie, Reyesbury, NY 77501",752.0
295,2,2025-08-15 01:30:57,delivered,net_banking,"Unit 3091 Box 4363, DPO AP 10906",1407.44
296,53,2024-12-07 16:25:09,delivered,cod,"3263 John Stream Suite 524, Dawnton, NC 54881",3336.52
297,86,2025-07-24 02:07:36,delivered,card,"55338 Rebecca Shores, Port Grace, VA 29657",1588.07
298,70,2025-07-08 13:27:22,pending,card,"70171 Brett Divide Apt. 212, East William, NE 95526",2152.65
299,79,2025-05-14 19:20:38,shipped,net_banking,"62934 Ray Roads, West Michelle, NJ 10988",7096.59
300,69,2025-04-03 01:26:34,pending,upi,"7689 Wolf Viaduct, Smithfurt, NE 11410",683.56
301,144,2025-09-05 02:58:06,delivered,upi,"PSC 4982, Box 8246, APO AA 40589",2034.1
302,147,2025-05-09 13:47:01,shipped,cod,"52732 Adam Wall Suite 766, Wallerstad, MS 64667",1106.01
303,27,2025-03-13 22:54:04,delivered,net_banking,"0169 James Mews, Kelseystad, NY 93447",4817.39
304,140,2025-05-23 04:10:55,shipped,upi,"066 John Bypass Suite 024, Blackburnberg, KS 32930",2722.38
305,64,2025-07-06 06:20:05,delivered,card,"11669 April Field, Martinchester, KS 91181",3138.81
306,155,2025-03-11 18:47:12,delivered,net_banking,"461 Daisy Trail Suite 243, Haletown, GA 64952",5989.96
307,193,2024-11-15 00:36:35,delivered,cod,"646 Gregory Ferry Apt. 372, South Ashleyborough, HI 26838",2688.93
308,23,2024-12-07 07:38:56,pending,cod,"6791 Christopher Corner, Martinezland, MA 04389",314.3
309,90,2025-06-29 20:30:59,shipped,net_banking,"100 Walton Avenue Apt. 138, South Carrieview, NM 62528",812.58
310,190,2025-09-04 08:49:27,cancelled,cod,"5553 Ortega Lane Apt. 551, South Monicafurt, VA 18702",4273.25
311,146,2024-11-24 09:15:19,pending,cod,"357 Robertson Shore Apt. 050, Morganmouth, TX 58737",1356.5
312,191,2025-02-13 02:49:14,shipped,cod,"915 Crosby Mountains Apt. 649, Lake Douglas, NC 75460",2453.34
313,190,2025-09-15 05:20:23,pending,cod,"71487 Peggy Crescent, Batesbury, IA 28241",996.81
314,52,2025-01-19 14:26:49,pending,card,"60256 Robinson Glens, Lynnville, TN 18294",1693.73
315,193,2025-11-07 18:25:15,delivered,net_banking,"53991 Bennett Stravenue Suite 863, West Darrell, CO 15100",4897.55
316,53,2024-12-19 00:44:09,pending,upi,"195 Melissa Light, West Bryanside, ID 51376",4638.69
317,165,2025-04-27 23:03:09,delivered,card,"289 Daniel Branch Suite 524, South Erin, FL 79336",4195.2
318,102,2025-03-04 11:18:32,pending,cod,"548 Joshua Vista, Welchborough, NM 38707",4661.07
319,87,2025-08-14 20:57:40,shipped,upi,"Unit 0523 Box 3027, DPO AP 51856",1227.72
320,148,2025-03-10 13:43:37,delivered,upi,"Unit 2086 Box 5675, DPO AA 51758",2410.83
321,157,2024-12-12 07:20:14,pending,upi,"3861 Marcus Turnpike Apt. 472, South Heather, LA 19483",3656.67
322,159,2025-02-03 21:03:37,shipped,upi,"059 Erika Walks, South Stephanie, NE 89557",776.62
323,3,2025-10-07 06:44:13,shipped,upi,"57201 Watkins Drive, Sanchezville, IA 52490",585.34
324,64,2025-05-23 04:13:11,delivered,card,"617 Hill Shoal, Richardsonville, DE 11332",264.58
325,115,2024-12-31 19:29:57,shipped,upi,"99974 Laura Falls, Washingtonchester, ME 75398",3180.7
326,141,2025-01-02 01:11:04,cancelled,cod,"826 Phillip Viaduct, Brownshire, ND 94053",4724.45
327,158,2025-09-28 09:55:22,delivered,card,"12920 Mcbride Crossing, East Baileyburgh, CO 74228",1359.86
328,47,2025-02-22 03:04:39,delivered,card,"18458 Rodney Shoals, East Kevinhaven, MH 38957",7328.66
329,114,2025-07-28 09:41:25,pending,cod,"758 Obrien Pass, Lake Corey, GU 06364",1407.44
330,16,2025-02-14 11:49:54,delivered,upi,"3298 Brittany Harbors, Lake Cindy, CA 72570",5514.89
331,94,2025-02-21 10:21:52,shipped,card,"7146 Amanda Cliffs, Wandaborough, VT 49278",744.1
332,156,2025-06-21 07:25:19,pending,card,"2566 Tamara Gateway, West Davidville, TX 72376",3985.25
333,71,2025-04-21 09:22:21,pending,net_banking,"5423 Smith Lane, South Stephanie, WY 16688",1327.5
334,74,2025-01-21 15:49:53,shipped,card,"718 Graves Way Suite 849, North Georgefurt, HI 45743",2621.23
335,117,2025-09-23 11:09:11,shipped,cod,"9240 Diane Divide Suite 940, Jasminebury, TX 80284",4433.99
336,7,2025-04-25 20:12:38,shipped,card,"5784 Cisneros Pike, West Cynthia, CO 40564",2029.2
337,108,2025-04-21 06:53:19,shipped,upi,"113 Frederick Centers, Lake Justinfort, AS 01902",3183.99
338,96,2025-04-28 01:42:36,delivered,card,"7881 Smith Field, Lake Ronaldside, WA 45728",5181.31
339,19,2025-02-17 06:14:59,delivered,cod,"Unit 8909 Box 7283, DPO AE 10347",1234.93
340,200,2025-04-05 23:03:32,shipped,card,"67625 Matthew Springs Apt. 814, Timothyview, IL 00793",128.7
341,75,2025-08-28 00:47:40,pending,net_banking,"48079 Brown Avenue Suite 545, North Michaelburgh, MO 46970",3063.82
342,132,2024-11-17 20:30:44,delivered,net_banking,"18826 Robin Avenue Apt. 437, Brooksstad, NE 24379",2871.44
343,11,2025-06-10 17:45:43,delivered,net_banking,"7225 Smith Ways, North Jake, AZ 18022",8214.26
344,56,2025-04-16 15:19:54,delivered,net_banking,"23741 Burns Park Apt. 568, Andersonville, WY 03273",536.88
345,147,2025-01-02 09:27:12,pending,card,"305 Bray Street, South Timothyport, NM 11329",5060.13
346,17,2025-09-05 21:59:50,shipped,upi,"823 Wang Way, Virginiabury, TN 56751",4521.79
347,174,2025-01-30 11:14:04,pending,cod,"892 Victoria Ramp, East David, MO 05529",3576.73
348,140,2025-02-28 18:28:18,delivered,cod,"Unit 2609 Box 3106, DPO AA 69310",3102.04
349,144,2025-03-13 10:10:46,shipped,cod,"56708 Schneider Hollow, West Michaelstad, VT 55298",1608.24
350,97,2025-02-18 07:48:39,shipped,net_banking,"00053 Kennedy Rest, South Jackfort, MN 44316",2063.58
351,162,2025-03-12 14:42:23,pending,card,"825 Figueroa Lake, Johnview, IL 77089",1293.98
352,196,2025-04-12 13:29:45,delivered,upi,"91093 Janet Courts, New Christineport, VA 62655",4530.23
353,84,2025-09-05 22:49:07,shipped,upi,"23684 Jacobson Mission, South Carloschester, NC 66544",1528.09
354,41,2025-09-17 13:28:49,shipped,net_banking,"240 Laura Square Apt. 678, East Samuelhaven, MS 74228",3295.37
355,103,2025-09-13 02:10:17,shipped,card,"20293 Natasha Turnpike Suite 884, Melissaport, VT 35695",3998.82
356,80,2025-06-16 20:18:57,shipped,cod,"83402 Ho Groves, Lake Tinaborough, ND 15729",3762.16
357,72,2024-11-14 22:56:41,delivered,cod,"1842 Villanueva Hill Suite 005, Lake Tammy, HI 34053",3075.24
358,92,2024-11-20 11:39:27,cancelled,net_banking,"649 Lisa Forges, Josephshire, SC 99184",506.43
359,63,2025-04-16 23:52:57,pending,card,"652 Davis Falls, Lopezburgh, ID 75167",693.07
360,99,2025-05-23 21:51:32,pending,card,"USNS Holland, FPO AE 41154",8896.23
361,168,2025-01-16 16:24:29,delivered,cod,"931 Charles Gardens Suite 618, Lake Karen, AL 79575",2663.36
362,187,2024-12-23 03:26:48,delivered,card,"00231 Thomas Road, Port Tammyville, ND 96987",4473.18
363,119,2025-09-28 04:35:20,shipped,cod,"27972 Rivera Drives, North Amy, KY 82746",1587.34
364,62,2025-06-13 12:44:09,delivered,net_banking,"84186 Aaron Fork, East Ronaldberg, MI 86400",1935.49
365,47,2025-03-05 19:29:48,shipped,net_banking,"172 Jeffrey Haven Suite 195, West Sandraland, MH 06182",3995.84
366,85,2025-07-07 04:18:15,delivered,card,"592 Hernandez Shores Suite 945, West Sabrinastad, KS 93733",6581.29
367,184,2025-09-20 14:09:59,cancelled,cod,"25267 Briggs Creek, Moyerview, FL 12356",7190.93
368,88,2025-03-19 20:58:20,shipped,upi,"Unit 2655 Box 7676, DPO AP 83941",781.17
369,56,2025-03-23 22:01:00,pending,net_banking,"6878 Patel View, South Christopher, VT 55792",3238.38
370,165,2025-06-07 01:23:18,shipped,card,"135 James Vista, West Angelaberg, PW 14939",1374.36
371,28,2024-12-07 13:11:52,shipped,cod,"PSC 5247, Box 2863, APO AE 29938",2148.19
372,140,2024-12-06 02:36:07,pending,cod,"260 Watson Squares, Lake Bonniefort, MP 78348",1516.92
373,168,2025-10-18 11:19:47,shipped,net_banking,"2131 Ashley Via, Hernandezburgh, NJ 97960",1102.28
374,150,2025-01-07 19:50:18,delivered,card,"6570 Rodriguez Circle Apt. 928, North Randy, NE 89617",3353.8
375,166,2025-10-20 14:35:21,delivered,cod,"843 Huynh Groves Apt. 862, South Christine, IN 51919",940.56
376,62,2025-01-24 18:02:47,pending,cod,"775 Wilcox Expressway, Port Nathanchester, ID 35879",2193.17
377,141,2024-12-26 12:15:57,delivered,cod,"503 Martin Coves Apt. 390, Jacobborough, SC 04743",4758.12
378,44,2025-02-15 17:58:56,delivered,cod,"700 Davis Inlet, West Karenfurt, NY 26044",878.04
379,163,2025-03-16 12:59:31,pending,upi,"15681 Andrew Underpass Suite 790, Evanmouth, CO 82545",761.44
380,112,2024-12-20 15:25:48,shipped,net_banking,"USNS Wilkerson, FPO AP 86250",3968.95
381,62,2025-01-08 02:49:52,pending,card,"898 West Curve, Kellychester, AZ 93924",6291.96
382,19,2025-09-11 01:43:49,pending,upi,"99129 Davis Bridge, Port Monica, OH 11926",4662.41
383,161,2025-05-27 04:05:44,shipped,net_banking,"42149 Gomez Cliffs Apt. 747, Kathrynmouth, SD 18909",786.85
384,134,2025-11-14 09:44:31,shipped,cod,"54669 Scott Passage Suite 516, Bakerton, RI 84893",3234.54
385,110,2024-12-06 13:43:18,shipped,cod,"802 Kelly Estate, Nashbury, MS 61092",3352.86
386,75,2025-08-01 06:49:54,delivered,card,"8711 Jessica Locks Suite 365, West Matthewfort, IL 92551",1531.32
387,68,2025-08-29 07:10:16,delivered,upi,"0827 Danielle Island Apt. 960, Kristinefort, IL 07589",3843.85
388,124,2025-02-04 13:09:10,pending,card,"4212 Joshua Common Suite 768, Lake Patricia, HI 07545",1993.32
389,62,2024-12-20 07:30:40,delivered,cod,"PSC 6542, Box 3567, APO AA 70690",940.56
390,53,2025-08-08 22:15:42,shipped,net_banking,"9608 Christian Shores Apt. 550, South Sarah, NM 41973",4146.58
391,127,2024-12-28 12:47:21,shipped,net_banking,"8072 Fowler Prairie Apt. 033, Hortonburgh, PA 49988",1826.12
392,81,2025-02-06 08:26:30,shipped,upi,"905 Smith Inlet, Lake Victormouth, MT 54291",7408.26
393,93,2025-03-31 00:14:53,delivered,card,"512 Patterson Fall Apt. 866, Meganchester, SC 37626",6762.45
394,31,2025-08-14 01:52:26,shipped,card,"11096 Tyler Terrace, Lake Seanshire, AS 04778",1614.46
395,168,2025-07-31 17:24:21,shipped,net_banking,"37861 Melissa Crossing Suite 766, West Kimberlyhaven, LA 35577",699.06
396,64,2025-10-22 00:25:45,shipped,cod,"3060 Anthony Turnpike Suite 895, Georgeshire, NE 32198",258.21
397,36,2025-06-18 05:45:52,pending,net_banking,"Unit 3960 Box 9626, DPO AP 23270",3464.03
398,27,2025-04-19 23:14:16,cancelled,card,"PSC 8263, Box 1281, APO AP 76120",1221.75
399,20,2025-09-14 23:55:40,pending,cod,"253 Christopher Mews Apt. 920, New Patrickberg, NH 83661",3625.02
400,138,2025-07-17 15:55:10,delivered,upi,"34383 Townsend Shoals, West Christopherberg, SC 03534",464.13
401,44,2025-07-20 08:05:25,delivered,cod,"Unit 1179 Box 1124, DPO AA 24176",8884.38
402,80,2024-12-20 10:38:31,shipped,card,"61706 Tommy Road Apt. 366, Cynthiamouth, AS 21617",1630.33
403,163,2025-01-23 05:48:49,shipped,net_banking,"990 Theresa Key, Cooleyside, AL 21261",585.34
404,178,2025-06-05 00:56:43,pending,net_banking,"90808 Javier Lakes, East Anthonyberg, IN 11438",2490.5
405,79,2025-08-24 00:57:40,shipped,upi,"4731 Erickson Run, Stuartfort, NE 67695",5050.97
406,118,2025-04-18 17:37:38,shipped,cod,"PSC 4234, Box 6199, APO AA 22213",4860.91
407,38,2025-09-18 19:26:25,pending,card,"7694 Dean Rest Suite 639, Nathanielland, NV 22422",1458.1
408,148,2025-10-25 20:10:06,shipped,net_banking,"649 Sanders Crescent Apt. 562, Johnborough, TN 49215",2732.77
409,109,2025-04-07 20:51:17,delivered,cod,"05053 Bradley Islands Apt. 816, Carolynhaven, IL 13990",104.71
410,157,2025-06-20 06:24:37,shipped,net_banking,"665 Gonzalez Causeway, Jimenezview, MT 16132",8179.62
411,172,2025-01-01 14:31:26,delivered,net_banking,"639 Justin Row Apt. 742, Johnsonside, PW 69643",6080.75
412,138,2024-11-29 14:31:24,shipped,net_banking,"71644 Molina Locks, New Kimfort, RI 06670",5532.69
413,80,2025-04-16 03:58:27,pending,cod,"1591 Jeffrey Views Apt. 215, Perezland, ID 95411",257.4
414,114,2025-10-30 19:43:21,pending,net_banking,"040 Brandon Hollow, West Markfurt, KY 92076",6777.34
415,85,2025-01-19 13:34:02,delivered,cod,"PSC 9712, Box 5296, APO AP 59061",7680.34
416,147,2025-07-31 22:18:01,pending,card,"774 Barton Orchard, North Joseph, LA 93743",1883.46
417,98,2024-12-16 13:35:41,shipped,net_banking,"311 Brown Bridge, South Lori, ID 64417",1771.78
418,105,2024-12-25 00:13:50,shipped,net_banking,"7281 Jeffery Lakes Suite 798, Port Ricardo, CA 36917",1826.48
419,184,2025-04-27 17:25:05,delivered,cod,"127 Julie Garden Apt. 724, South Dorothymouth, MI 35310",3699.9
420,87,2024-12-30 08:46:35,shipped,upi,"PSC 1563, Box 2686, APO AP 44244",2270.48
421,95,2024-12-05 01:21:22,pending,card,"06634 Richard Ranch Suite 897, Rodriguezton, SD 33130",3501.5
422,36,2024-12-27 13:15:47,shipped,upi,"94318 Joshua River, Myersville, IN 96697",2063.78
423,126,2025-09-30 10:46:22,delivered,cod,"3235 Mccarthy Heights Apt. 128, Stevensonbury, GA 41803",5799.48
424,190,2025-08-06 01:24:02,shipped,upi,"7207 Cook Fall, Nicoleburgh, TX 01776",3385.54
425,199,2025-07-03 02:25:32,shipped,upi,"073 Rodriguez Viaduct Apt. 943, Port Dwayne, CT 13607",4855.18
426,182,2025-03-12 16:59:43,shipped,upi,"7584 King Mount Apt. 545, Rodriguezhaven, VA 84360",4840.46
427,200,2024-11-22 11:05:19,delivered,card,"25703 Howard Summit Apt. 361, Natalieside, MH 59387",934.7
428,67,2025-10-20 15:40:24,pending,net_banking,"556 Landry Harbor Suite 309, Maryville, NE 60142",398.38
429,171,2025-06-22 11:34:22,shipped,net_banking,"Unit 5410 Box 7272, DPO AP 38483",251.1
430,189,2025-07-14 16:05:18,delivered,cod,"7414 Shawn Forge, Margaretville, AR 64512",452.31
431,136,2025-03-13 04:21:33,delivered,cod,"004 Michael Haven Apt. 142, South Brenda, CO 38617",1425.74
432,99,2025-02-07 09:47:55,pending,card,"66614 Harper Extensions Suite 592, West Derek, OH 26652",1610.64
433,59,2025-03-11 08:00:00,shipped,cod,"782 Patton Village Suite 128, Bensonhaven, TX 93902",4090.6
434,142,2025-04-02 06:35:15,delivered,card,"6670 Susan Manor Apt. 294, New William, DC 81882",883.79
435,168,2025-06-13 09:32:08,shipped,card,"PSC 4062, Box 6078, APO AA 07624",2416.87
436,99,2024-12-17 06:58:34,shipped,net_banking,"9149 Vaughn Way, North Joyhaven, WA 94473",3884.9
437,28,2024-12-05 00:04:51,pending,cod,"723 Kevin Inlet, Port Toddborough, DE 09301",618.15
438,24,2024-11-14 10:13:45,delivered,card,"133 Thomas Village, Myersville, ME 53527",1344.01
439,108,2025-05-21 06:29:20,delivered,card,"Unit 3849 Box 7916, DPO AE 83888",3647.19
440,42,2024-11-22 19:45:44,delivered,net_banking,"88377 Roberts Courts, Richardsonview, MO 51071",7569.38
441,92,2025-08-12 08:29:27,shipped,card,"6204 Wilson Loaf Apt. 940, Williamsstad, DC 61830",3974.37
442,78,2025-10-23 02:41:09,shipped,upi,"25883 Orr Pine Suite 812, West Diana, OK 44972",4369.65
443,172,2025-05-11 20:34:35,shipped,net_banking,"4617 Estes Rest, New Jeanette, NY 86865",5337.94
444,126,2025-06-06 11:17:43,shipped,card,"959 Jones Burgs Apt. 311, Villafort, MD 30848",1146.84
445,63,2025-09-10 03:03:55,shipped,cod,"26610 Wilson Vista, South Kathryntown, HI 42595",95.64
446,17,2024-12-26 05:22:10,cancelled,card,"98334 Kim Heights Apt. 326, North Brandi, SC 88143",3153.92
447,114,2024-12-21 18:36:08,shipped,upi,"56981 Lopez Stream, Leeborough, OK 62594",4942.53
448,66,2025-05-27 22:09:33,pending,net_banking,"76619 David Path, Craigfort, IN 07248",1337.72
449,49,2025-07-06 00:11:08,cancelled,upi,"44651 Tammy Club, Port April, RI 66043",531.2
450,66,2025-03-15 16:10:40,shipped,cod,"197 Delgado Bypass, Robertborough, MA 08285",2342.2
451,92,2025-01-07 12:09:37,shipped,cod,"037 Linda Port Apt. 516, New Timothyberg, KY 95309",975.24
452,30,2024-11-30 14:57:01,delivered,card,"356 Turner Vista Apt. 000, New Cathy, MS 89884",2984.36
453,16,2025-08-06 21:27:51,delivered,cod,"66266 Darrell Crest Suite 535, Hullbury, IN 12558",3270.39
454,167,2025-07-01 00:12:32,pending,card,"890 Morgan Gateway Apt. 102, Whiteton, MD 46332",2510.4
455,182,2025-07-06 08:49:14,shipped,net_banking,"2967 Diane Club, Shawnaborough, NM 92940",1686.67
456,8,2025-08-26 22:37:50,shipped,upi,"4584 Alison Grove, Heidihaven, CT 07578",2086.51
457,32,2025-03-29 00:46:22,shipped,upi,"PSC 9741, Box 3283, APO AA 97744",2313.4
458,160,2025-06-17 03:54:35,delivered,cod,"203 Santos Motorway Apt. 070, Joshuafurt, ME 11575",3388.12
459,22,2024-12-07 14:31:39,cancelled,net_banking,"0667 Jeffrey Light Apt. 680, Anthonystad, AK 80289",2179.68
460,35,2025-09-03 10:08:30,pending,card,"PSC 4930, Box 5966, APO AP 96893",1580.55
461,65,2025-09-02 14:46:45,shipped,net_banking,"648 Coleman Stravenue, Franciscofurt, NH 98232",4146.5
462,152,2025-11-08 12:21:46,delivered,cod,"4138 Morgan Locks, New Joshuaview, TN 33336",4143.8
463,90,2025-09-14 06:38:16,delivered,card,"49542 Ford Mill, South Benjaminstad, NJ 84091",1540.8
464,62,2025-10-08 07:34:43,delivered,net_banking,"91498 Ashley Mill Apt. 444, Martinezburgh, FL 81496",5337.89
465,127,2025-07-27 04:03:21,shipped,card,"028 Riley Canyon, North Stephanie, KS 34244",741.75
466,16,2024-11-20 16:07:43,shipped,upi,"093 Rodriguez Parkways Suite 181, East Mark, MN 89763",4916.68
467,144,2025-04-24 23:00:53,cancelled,cod,"2059 Rogers Lodge Suite 749, East Michealport, FL 77994",2085.84
468,155,2024-11-24 07:54:09,delivered,net_banking,"8895 Nicholas Prairie, Lake Jessicafurt, WV 85594",219.51
469,99,2024-12-14 21:03:23,pending,upi,"USNS Cunningham, FPO AP 83118",2728.43
470,6,2025-06-15 07:47:54,pending,cod,"097 Stewart Fields, Rhondamouth, IA 47944",2734.18
471,134,2025-02-12 01:57:13,delivered,card,"376 Miller Points, West Denisebury, NV 55400",167.66
472,65,2025-02-11 15:26:44,shipped,card,"369 Catherine Underpass, Matthewville, CO 54044",1619.5
473,83,2025-04-26 22:06:40,delivered,upi,"732 Smith Crest, Bakerside, VT 62086",511.08
474,63,2025-08-29 21:47:50,shipped,upi,"0212 Strong Knoll, South Heidi, IA 93822",886.48
475,35,2025-03-08 08:30:25,pending,upi,"991 Charles Knoll Suite 676, Katherineberg, VA 24546",5198.87
476,199,2025-08-22 11:20:19,delivered,card,"09957 Flores Fall, Shirleyville, IN 39475",5770.11
477,90,2025-05-24 23:43:29,shipped,upi,"5652 Bobby Street Apt. 684, Coryport, GA 16039",5743.92
478,179,2025-03-06 04:47:20,cancelled,cod,"24491 Elizabeth Divide Apt. 388, North Carmen, AZ 71257",1240.13
479,85,2025-06-11 07:38:10,delivered,net_banking,"0534 Dennis Pike, Port Shawn, PW 14868",2696.45
480,46,2025-08-19 13:50:19,shipped,upi,"6741 Victoria Street, West Lindabury, VA 10246",4175.34
481,131,2025-03-21 10:50:09,shipped,net_banking,"7815 Ryan Squares Suite 380, East Derrickfurt, VI 29364",121.77
482,8,2025-08-02 21:57:04,delivered,upi,"72742 Cynthia Corners Apt. 061, Grantborough, VT 23846",1650.05
483,151,2024-11-29 11:39:26,shipped,net_banking,"693 Washington Shoals Apt. 434, Henryfurt, PA 47310",2748.04
484,172,2025-06-13 10:52:32,shipped,cod,"14675 Elaine Crescent, South Stephanie, TN 15382",3969.57
485,19,2025-03-29 09:33:48,delivered,net_banking,"7963 Kelly Parkways, Port Kirsten, AR 74197",396.87
486,182,2025-09-10 03:34:52,cancelled,upi,"6766 Gaines Grove Suite 350, Sethbury, OK 22329",1833.01
487,123,2025-06-10 13:54:02,delivered,upi,"952 Stephanie Brooks, Davismouth, PW 46730",12.8
488,66,2025-09-08 05:22:56,delivered,card,"083 Nichols Estate, Heathbury, LA 21656",2611.11
489,31,2025-11-03 01:48:17,delivered,cod,"83000 Walter Turnpike Suite 024, Andrewbury, AZ 36212",1809.24
490,176,2025-09-01 15:36:52,shipped,card,"624 Charles Parkways Suite 008, North Jill, WY 51766",4647.49
491,115,2025-01-28 20:45:18,delivered,card,"6804 Stevens Courts Suite 976, Russellbury, MT 74031",251.1
492,137,2025-03-02 14:14:39,shipped,upi,"0765 Shaun Ports, South Kelliemouth, MN 62996",5658.98
493,45,2025-06-21 02:51:55,shipped,upi,"2118 Jared Overpass Apt. 126, Millsshire, WV 30966",2815.79
494,49,2024-12-07 07:11:28,delivered,card,"4520 Barker Rapid Suite 043, Gardnermouth, SD 31399",2894.38
495,56,2025-03-19 09:38:36,delivered,upi,"811 Lyons Lane Apt. 028, East Jamesville, AZ 56099",742.3
496,134,2025-05-25 17:21:02,delivered,cod,"86604 Ryan Hill Suite 859, Anneburgh, FL 38537",1870.86
497,44,2025-06-05 14:57:05,delivered,net_banking,"947 Clark Isle Apt. 287, West Robertberg, NJ 09289",1993.18
498,174,2024-11-16 14:06:53,pending,cod,"18751 Colleen Ranch, North Michael, OH 30127",1198.28
499,160,2025-03-28 09:07:58,shipped,card,"4694 Weber Lodge, Annborough, CA 78179",1959.59
500,119,2025-01-12 14:34:14,shipped,card,"2491 Laura Radial, Riverashire, PA 36839",896.7
501,56,2025-09-23 22:28:25,shipped,card,"20331 Douglas Mountains Apt. 510, New Lindsay, NE 87643",3254.58
502,83,2025-05-16 14:21:26,delivered,cod,"86667 Collins Pike, Alyssaborough, GA 83570",778.45
503,49,2025-10-04 03:39:27,delivered,upi,"8774 Angela Mews, Gregorystad, PR 61590",3101.12
504,200,2025-09-09 17:45:30,pending,net_banking,"98365 Sarah Branch Apt. 758, North Brenda, MA 12835",5164.97
505,127,2025-11-03 05:24:42,delivered,upi,"094 Deborah Row Suite 604, Colleenshire, GU 04489",3507.26
506,131,2025-10-15 15:22:00,delivered,net_banking,"772 Brady Rue Apt. 050, Lake Jill, VI 17756",7993.89
507,21,2024-12-16 13:52:40,shipped,card,"70518 Lucero Fields, West Marymouth, MH 93471",1464.66
508,75,2025-01-19 03:04:51,delivered,card,"PSC 9580, Box 6601, APO AE 66236",3145.56
509,104,2025-01-10 16:49:33,shipped,upi,"70493 Thompson Summit, West Joshuastad, DE 45255",585.34
510,31,2025-05-14 11:40:57,shipped,net_banking,"711 Ian Corners, West Brittany, AK 22696",2427.24
511,175,2025-09-16 17:27:18,pending,cod,"1343 Lance Light Suite 242, Robertborough, KY 26613",1306.24
512,70,2025-01-22 04:42:02,shipped,card,"Unit 4741 Box 7595, DPO AA 84626",3308.03
513,29,2025-06-05 13:00:28,pending,net_banking,"96289 Victoria Mews, Debbieport, IL 45351",314.3
514,49,2025-08-13 03:08:33,delivered,net_banking,"Unit 8418 Box 3437, DPO AA 04622",2153.63
515,80,2025-11-07 10:48:28,pending,net_banking,"2795 Elliott Shoals, West Jacquelinestad, VI 01536",1857.77
516,125,2025-01-15 01:33:29,shipped,card,"1254 Steven Ferry Apt. 797, Simonfort, MP 32428",2288.03
517,148,2025-02-20 12:03:49,delivered,upi,"6403 Robert Trail Suite 969, East Williamport, FM 78731",3942.16
518,29,2025-08-12 08:17:35,delivered,cod,"USNS Lynn, FPO AP 99047",1677.69
519,192,2025-01-07 14:35:21,shipped,cod,"14257 Martin Alley Apt. 324, Christopherbury, PR 27150",1154.92
520,57,2025-05-02 22:49:36,shipped,net_banking,"85072 Garcia Plaza, Halefort, TN 49822",3913.97
521,99,2025-10-03 06:36:43,pending,card,"62526 Villanueva Viaduct, Carlsonside, CA 45965",5617.01
522,90,2025-05-23 01:16:09,shipped,cod,"92355 Mason Alley, Melendezbury, DC 66030",3202.12
523,138,2025-01-26 09:54:32,pending,card,"1562 Hernandez Inlet Suite 704, Whitefurt, TX 68310",8388.58
524,157,2025-10-04 09:30:24,shipped,net_banking,"1602 Anderson Parkways, Parkstown, NM 86198",1532.22
525,7,2025-08-01 16:33:57,pending,net_banking,"6419 Shaw Tunnel, Josephside, MN 15138",3500.28
526,19,2025-09-15 11:14:16,cancelled,cod,"612 Matthew Station Suite 389, Grahammouth, LA 05723",4359.66
527,7,2024-12-31 14:50:16,delivered,cod,"0954 Rogers Hill Apt. 842, Michaeltown, NV 43051",2111.16
528,132,2025-03-10 00:30:22,delivered,cod,"0863 Christopher Court, Lake Duane, NM 57006",1733.71
529,136,2025-10-27 02:37:08,shipped,card,"938 Williams Islands Suite 029, South Williamland, MA 83959",5339.44
530,38,2025-09-01 09:34:15,delivered,cod,"24161 Ashley Hollow Apt. 059, Lewischester, KY 98394",340.17
531,156,2025-08-08 22:34:03,pending,cod,"096 Erika Groves Apt. 630, Sandovalview, KY 61114",5840.24
532,40,2025-07-05 01:43:17,shipped,upi,"33053 Cheryl Stream Suite 969, Amberfort, OH 02148",676.77
533,52,2025-03-27 14:25:43,delivered,net_banking,"2773 Emily Glens Suite 091, Hoffmanstad, CO 27705",4912.4
534,22,2025-08-31 21:51:47,cancelled,net_banking,"Unit 5445 Box 7702, DPO AP 77169",846.52
535,2,2025-01-18 03:58:21,delivered,upi,"0487 Nicholas Plain Apt. 691, South Jefferyville, OK 38426",744.1
536,165,2025-01-22 18:46:41,pending,net_banking,"653 Lester Harbors Suite 515, Perezfurt, NM 99699",127.75
537,194,2025-05-13 13:53:15,pending,upi,"26408 Hines Shoal Apt. 169, Mccannchester, ID 83917",2259.87
538,2,2024-11-25 16:34:41,pending,upi,"981 Dougherty Islands, East Ashley, NJ 90201",449.06
539,58,2024-12-19 17:45:54,delivered,cod,"USS Paul, FPO AP 51532",4114.55
540,194,2025-06-16 19:26:38,delivered,net_banking,"75327 Marcus Hill, North Jamiemouth, NH 32619",1533.24
541,66,2025-08-06 22:10:22,cancelled,net_banking,"78195 John Stravenue, North Kaitlynchester, VI 68627",5579.87
542,73,2025-05-16 00:33:50,shipped,upi,"4819 Samuel Views, West Lisaton, MN 52855",1019.73
543,111,2025-08-19 17:19:19,shipped,card,"PSC 7611, Box 2491, APO AP 22646",5945.2
544,51,2025-04-05 17:35:35,delivered,cod,"37341 May Cliffs Suite 734, Kennethmouth, MA 59532",3322.88
545,41,2025-08-13 02:17:01,shipped,cod,"022 Johnson Land Suite 442, Thomasmouth, TX 39151",3884.0
546,45,2025-01-13 09:23:36,shipped,net_banking,"94643 Melissa Prairie, Eddietown, KS 48232",257.4
547,118,2025-08-21 11:24:08,delivered,net_banking,"9252 Mills Lane Suite 287, South Penny, AL 88154",2339.88
548,63,2024-12-09 13:26:03,shipped,upi,"32491 Michael Mount Apt. 833, Elizabethfurt, SC 13456",2849.72
549,68,2025-03-22 09:11:58,shipped,net_banking,"881 Sean Pike Apt. 342, East Hannah, NH 23757",2083.67
550,94,2024-11-30 00:53:35,shipped,cod,"Unit 4841 Box 3128, DPO AA 08478",1818.37
551,10,2025-02-03 02:05:57,delivered,net_banking,"1805 James Crescent Suite 173, New Bridgetfort, ME 75124",504.33
552,130,2024-11-18 03:23:52,pending,upi,"739 Gay Glen, Guzmanfort, SC 23639",2829.34
553,89,2025-03-22 01:02:15,shipped,cod,"448 Matthew Springs Suite 712, Smithhaven, NJ 65484",2128.88
554,35,2025-01-16 18:23:10,pending,cod,"417 Little Plain Apt. 313, West Warren, MD 70021",2613.02
555,13,2025-05-16 16:05:46,delivered,cod,"392 Moore Trafficway Suite 229, West Sue, NJ 86155",3247.1
556,98,2025-07-03 13:50:19,shipped,net_banking,"47452 Cook Knoll Suite 746, Farmertown, WV 53464",659.83
557,143,2024-12-05 21:23:56,pending,net_banking,"Unit 5274 Box 0334, DPO AA 49453",206.05
558,193,2024-11-23 14:36:02,shipped,card,"8833 Gates Coves Apt. 325, Davidshire, NJ 06530",3667.82
559,101,2025-09-13 19:28:06,delivered,cod,"49960 Brian Junctions Suite 857, Danielberg, FM 98782",1553.24
560,72,2024-12-13 03:31:17,delivered,net_banking,"29493 Samuel Islands Suite 884, East Kelseyland, VI 92153",3008.39
561,161,2025-08-17 16:39:00,shipped,card,"3257 Steven Isle Apt. 449, East Davidchester, NE 52445",12.8
562,114,2025-09-23 10:57:53,pending,net_banking,"085 Ariel Bypass, Kristyfort, LA 75843",4913.89
563,31,2025-03-24 00:41:44,shipped,upi,"181 Lauren Vista, New Sandraborough, WV 10080",1863.0
564,79,2025-09-08 07:55:44,cancelled,upi,"7251 Deborah Junction Suite 860, Andrewstown, RI 51612",921.14
565,89,2024-11-21 17:47:34,delivered,net_banking,"2439 Patel Shoal Apt. 959, East Kendra, IL 40934",2139.9
566,20,2025-01-23 22:24:26,pending,card,"85155 Dominique Flats, Frankview, IN 28974",1128.92
567,93,2025-09-10 08:40:36,shipped,cod,"1607 Omar Mission, Rossborough, WI 50374",38.4
568,28,2025-07-01 15:07:09,shipped,card,"89812 David Overpass, Karamouth, MT 25533",3085.0
569,180,2025-02-04 02:17:25,delivered,net_banking,"Unit 8574 Box 8170, DPO AE 50312",4738.11
570,41,2025-09-22 10:14:09,delivered,cod,"5416 Perez Squares, Lake Dawnfurt, FM 62283",492.88
571,144,2024-11-20 13:37:45,shipped,card,"USNV Blair, FPO AA 06447",167.66
572,130,2025-01-08 01:38:57,shipped,cod,"028 Donald Mountains, North Caitlynborough, VI 97474",3475.94
573,103,2025-07-29 02:25:02,shipped,cod,"62282 Michael Creek Apt. 073, Richardstad, PW 35258",2462.73
574,23,2025-07-13 22:33:03,shipped,card,"0702 Williams Lane, East Craig, MI 29690",511.0
575,144,2024-12-20 04:33:12,pending,upi,"77687 Melody Valleys, West Thomasview, DC 42821",1561.76
576,88,2025-07-27 07:44:52,shipped,net_banking,"7932 Zachary Valley, East Donna, WA 12925",5054.84
577,6,2025-08-19 23:19:09,delivered,card,"34245 Barnett Pike, Kathleenberg, MD 55816",3478.86
578,141,2025-04-08 23:00:44,shipped,cod,"603 Alexis Roads, Port Lauraburgh, MO 42775",7400.13
579,102,2024-11-18 23:03:53,delivered,upi,"3967 Shawn Greens Suite 148, Matthewburgh, KS 45194",1764.66
580,99,2025-09-23 19:34:27,cancelled,cod,"158 Brown Lakes Suite 082, East Theresaville, DE 72651",2985.72
581,154,2025-08-18 04:41:54,delivered,net_banking,"7681 Raymond Pass Apt. 230, Lake Julie, NC 79266",2281.79
582,160,2025-09-13 07:26:33,shipped,upi,"583 Nicholas Courts, Lake Cynthia, RI 30157",2904.04
583,56,2025-10-07 21:27:05,delivered,net_banking,"USNS Fernandez, FPO AP 56077",3581.18
584,15,2025-10-13 17:47:14,pending,net_banking,"4686 Mcdonald Dale, Aaronview, VT 73345",4998.58
585,166,2025-07-31 21:13:39,cancelled,cod,"62272 Peter Estate, Myersborough, IA 46429",4423.12
586,182,2024-12-11 19:17:56,delivered,card,"61923 Thomas Harbor Suite 018, Alexandriafort, IN 87063",5283.14
587,106,2025-05-03 14:53:14,shipped,cod,"972 Nicole Throughway, Nancyton, MS 33983",1656.54
588,23,2024-12-28 05:37:07,delivered,upi,"274 Alexandra Corners Suite 376, Brownville, VI 37227",1386.14
589,2,2025-10-07 12:56:03,delivered,upi,"8564 Miller Courts Suite 397, New Ryan, KY 14127",3909.16
590,196,2025-09-13 16:36:58,delivered,upi,"996 Williams Coves Apt. 911, West Betty, VT 79643",6458.12
591,168,2025-04-27 05:37:50,pending,upi,"7798 Shelby Via, Caldwelltown, IL 74809",1701.4
592,188,2025-01-23 14:29:37,delivered,upi,"46074 Cardenas Key Suite 347, West Stephenview, WI 21550",2967.8
593,121,2025-02-03 17:28:08,delivered,card,"652 Gates Isle Suite 983, Mariaville, PW 95127",1306.46
594,108,2024-12-19 12:47:17,shipped,cod,"726 Joseph Station Suite 557, Kariburgh, MD 02588",3675.56
595,109,2024-12-27 16:58:15,shipped,upi,"848 Raymond Square Apt. 311, Phelpsberg, VT 45086",7187.1
596,163,2025-06-09 08:12:39,delivered,card,"1499 Mario Fork, Mckenziebury, OH 20818",2269.94
597,13,2025-07-31 15:38:45,pending,net_banking,"Unit 0733 Box 3373, DPO AE 02128",3678.7
598,159,2025-03-09 16:12:32,cancelled,net_banking,"776 Robert Vista, Burtonfurt, WA 34775",467.35
599,76,2025-08-15 21:14:45,shipped,net_banking,"6553 Fernandez Club Apt. 538, North Tina, WY 67013",5553.0
600,7,2025-08-16 12:14:00,delivered,card,"93583 Adams Villages Apt. 797, Garzaland, GA 03399",127.38
